{
	"parent": "minecraft:item/generated",
	"overrides": [
    {
      "model": "novaterra:item/leather_chestplate_elytra_quartz_trim",
      "predicate": {
        "trim_type": 0.1
      }
    },
    {
      "model": "novaterra:item/leather_chestplate_elytra_iron_trim",
      "predicate": {
        "trim_type": 0.2
      }
    },
    {
      "model": "novaterra:item/leather_chestplate_elytra_netherite_darker_trim",
      "predicate": {
        "trim_type": 0.3
      }
    },
    {
      "model": "novaterra:item/leather_chestplate_elytra_redstone_trim",
      "predicate": {
        "trim_type": 0.4
      }
    },
    {
      "model": "novaterra:item/leather_chestplate_elytra_copper_trim",
      "predicate": {
        "trim_type": 0.5
      }
    },
    {
      "model": "novaterra:item/leather_chestplate_elytra_gold_trim",
      "predicate": {
        "trim_type": 0.6
      }
    },
    {
      "model": "novaterra:item/leather_chestplate_elytra_emerald_trim",
      "predicate": {
        "trim_type": 0.7
      }
    },
    {
      "model": "novaterra:item/leather_chestplate_elytra_diamond_trim",
      "predicate": {
        "trim_type": 0.8
      }
    },
    {
      "model": "novaterra:item/leather_chestplate_elytra_lapis_trim",
      "predicate": {
        "trim_type": 0.9
      }
    },
    {
      "model": "novaterra:item/leather_chestplate_elytra_amethyst_trim",
      "predicate": {
        "trim_type": 1.0
      }
    }
  ],
	"textures": {
	  "layer0": "novaterra:item/leather_chestplate_elytra"
	}
}